{
  "model_name": "LogisticRegression",
  "timestamp": "2026-01-16T23:46:51.456833",
  "overall_metrics": {
    "accuracy": 0.615,
    "precision": 0.618561275680841,
    "recall": 0.615,
    "f1_score": 0.6159890798424634,
    "num_samples": 200
  },
  "per_class_metrics": {
    "Class_0": {
      "precision": 0.6304347826086957,
      "recall": 0.6304347826086957,
      "f1-score": 0.6304347826086957,
      "support": 46.0
    },
    "Class_1": {
      "precision": 0.6086956521739131,
      "recall": 0.56,
      "f1-score": 0.5833333333333334,
      "support": 50.0
    },
    "Class_2": {
      "precision": 0.6964285714285714,
      "recall": 0.6724137931034483,
      "f1-score": 0.6842105263157895,
      "support": 58.0
    },
    "Class_3": {
      "precision": 0.5192307692307693,
      "recall": 0.5869565217391305,
      "f1-score": 0.5510204081632653,
      "support": 46.0
    },
    "accuracy": 0.615,
    "macro avg": {
      "precision": 0.6136974438604874,
      "recall": 0.6124512743628187,
      "f1-score": 0.612249762605271,
      "support": 200.0
    },
    "weighted avg": {
      "precision": 0.618561275680841,
      "recall": 0.615,
      "f1-score": 0.6159890798424634,
      "support": 200.0
    }
  },
  "confusion_matrix": [
    [
      29,
      7,
      5,
      5
    ],
    [
      8,
      28,
      4,
      10
    ],
    [
      6,
      3,
      39,
      10
    ],
    [
      3,
      8,
      8,
      27
    ]
  ],
  "class_names": [
    "Class_0",
    "Class_1",
    "Class_2",
    "Class_3"
  ],
  "roc_auc": {
    "Class_0": 0.8382269904009034,
    "Class_1": 0.8233333333333334,
    "Class_2": 0.8970373967945604,
    "Class_3": 0.8050536420101637,
    "macro_avg": 0.8409128406347403
  },
  "error_analysis": {
    "total_errors": 77,
    "error_rate": 0.385,
    "errors_by_class": {
      "Class_2": {
        "total": 19,
        "misclassified_as": {
          "Class_1": 3,
          "Class_3": 10,
          "Class_0": 6
        }
      },
      "Class_1": {
        "total": 22,
        "misclassified_as": {
          "Class_3": 10,
          "Class_0": 8,
          "Class_2": 4
        }
      },
      "Class_0": {
        "total": 17,
        "misclassified_as": {
          "Class_1": 7,
          "Class_2": 5,
          "Class_3": 5
        }
      },
      "Class_3": {
        "total": 19,
        "misclassified_as": {
          "Class_2": 8,
          "Class_1": 8,
          "Class_0": 3
        }
      }
    },
    "most_confused_pairs": [
      [
        "Class_2",
        "Class_3",
        10
      ],
      [
        "Class_1",
        "Class_3",
        10
      ],
      [
        "Class_3",
        "Class_2",
        8
      ],
      [
        "Class_1",
        "Class_0",
        8
      ],
      [
        "Class_3",
        "Class_1",
        8
      ]
    ]
  }
}